{"cameraMode":{"drawMode":0,"name":"Shaded","section":"Shading Mode"},"sceneLighting":true,"audioPlay":false,"sceneViewState":{"showFog":true,"showMaterialUpdate":false,"showSkybox":true,"showFlares":true,"showImageEffects":true,"showParticleSystems":true},"in2DMode":false,"pivot":{"x":-7.0123748779296879,"y":7.726222991943359,"z":-4.692100524902344},"rotation":{"x":0.8615774512290955,"y":0.009979846887290478,"z":-0.5074601173400879,"w":0.016741221770644189},"size":36.332359313964847,"orthographic":false}